{"cameraMode":{"drawMode":0,"name":"Shaded","section":"Shading Mode"},"sceneLighting":false,"audioPlay":false,"sceneViewState":{"showFog":true,"showMaterialUpdate":true,"showSkybox":false,"showFlares":true,"showImageEffects":true,"showParticleSystems":true},"in2DMode":false,"pivot":{"x":-0.07513339817523956,"y":1.1770000457763672,"z":-0.23600000143051148},"rotation":{"x":0.2325512319803238,"y":0.2616473138332367,"z":-0.06510692089796066,"w":0.9344836473464966},"size":0.2979637384414673,"orthographic":false}