{"cameraMode":{"drawMode":0,"name":"Shaded","section":"Shading Mode"},"sceneLighting":true,"audioPlay":false,"sceneViewState":{"showFog":true,"showMaterialUpdate":true,"showSkybox":true,"showFlares":true,"showImageEffects":true,"showParticleSystems":true},"in2DMode":false,"pivot":{"x":-0.9784575700759888,"y":-1.2282490730285645,"z":-4.60659122467041},"rotation":{"x":0.21086932718753816,"y":0.06914280354976654,"z":-0.014957644045352936,"w":0.9749775528907776},"size":1.0714499950408936,"orthographic":false}