{"cameraMode":{"drawMode":0,"name":"Shaded","section":"Shading Mode"},"sceneLighting":true,"audioPlay":false,"sceneViewState":{"showFog":true,"showMaterialUpdate":true,"showSkybox":true,"showFlares":true,"showImageEffects":true,"showParticleSystems":true},"in2DMode":false,"pivot":{"x":20.186016082763673,"y":1.093171238899231,"z":-107.12472534179688},"rotation":{"x":0.1569724828004837,"y":0.3651289939880371,"z":-0.0626089796423912,"w":0.9155034422874451},"size":0.21982169151306153,"orthographic":false}