{"cameraMode":{"drawMode":0,"name":"Shaded","section":"Shading Mode"},"sceneLighting":true,"audioPlay":false,"sceneViewState":{"showFog":true,"showMaterialUpdate":true,"showSkybox":true,"showFlares":true,"showImageEffects":true,"showParticleSystems":true},"in2DMode":false,"pivot":{"x":0.1690497249364853,"y":0.32768917083740237,"z":-0.7976672649383545},"rotation":{"x":0.5151232481002808,"y":-0.05520842969417572,"z":0.03326654061675072,"w":0.8546980619430542},"size":0.3863900303840637,"orthographic":false}