{"cameraMode":{"drawMode":0,"name":"Shaded","section":"Shading Mode"},"sceneLighting":true,"audioPlay":false,"sceneViewState":{"showFog":true,"showMaterialUpdate":true,"showSkybox":true,"showFlares":true,"showImageEffects":true,"showParticleSystems":true},"in2DMode":false,"pivot":{"x":17.000303268432618,"y":5.6143107414245609,"z":-99.252197265625},"rotation":{"x":-0.3300021290779114,"y":-0.3200961649417877,"z":0.12005060911178589,"w":-0.8799034953117371},"size":3.9527673721313478,"orthographic":false}