{"cameraMode":{"drawMode":0,"name":"Shaded","section":"Shading Mode"},"sceneLighting":true,"audioPlay":false,"sceneViewState":{"showFog":true,"showMaterialUpdate":true,"showSkybox":true,"showFlares":true,"showImageEffects":true,"showParticleSystems":true},"in2DMode":false,"pivot":{"x":20.711793899536134,"y":-0.08854906260967255,"z":-96.44547271728516},"rotation":{"x":0.13969194889068604,"y":0.05938607081770897,"z":-0.008391107432544232,"w":0.9883975386619568},"size":5.281486511230469,"orthographic":false}