{"cameraMode":{"drawMode":0,"name":"Shaded","section":"Shading Mode"},"sceneLighting":true,"audioPlay":false,"sceneViewState":{"showFog":true,"showMaterialUpdate":true,"showSkybox":true,"showFlares":true,"showImageEffects":true,"showParticleSystems":true},"in2DMode":false,"pivot":{"x":-1.7319728136062623,"y":-0.3369492292404175,"z":-0.49733608961105349},"rotation":{"x":0.11822330951690674,"y":-0.00566363288089633,"z":0.0006756844813935459,"w":0.9929854273796082},"size":2.092604875564575,"orthographic":false}