{"cameraMode":{"drawMode":0,"name":"Shaded","section":"Shading Mode"},"sceneLighting":false,"audioPlay":false,"sceneViewState":{"showFog":true,"showMaterialUpdate":true,"showSkybox":false,"showFlares":true,"showImageEffects":true,"showParticleSystems":true},"in2DMode":false,"pivot":{"x":-1.210719347000122e-8,"y":0.040478337556123736,"z":0.07738222926855087},"rotation":{"x":0.3156665861606598,"y":0.459776908159256,"z":-0.17908534407615663,"w":0.8105086088180542},"size":0.13741658627986909,"orthographic":false}