{"cameraMode":{"drawMode":0,"name":"Shaded","section":"Shading Mode"},"sceneLighting":true,"audioPlay":false,"sceneViewState":{"showFog":true,"showMaterialUpdate":true,"showSkybox":true,"showFlares":true,"showImageEffects":true,"showParticleSystems":true},"in2DMode":false,"pivot":{"x":21.017030715942384,"y":-0.7116804122924805,"z":-14.258381843566895},"rotation":{"x":0.35655391216278078,"y":0.29627513885498049,"z":-0.12033632397651673,"w":0.8778536915779114},"size":8.429303169250489,"orthographic":false}