{"cameraMode":{"drawMode":0,"name":"Shaded","section":"Shading Mode"},"sceneLighting":false,"audioPlay":false,"sceneViewState":{"showFog":true,"showMaterialUpdate":true,"showSkybox":false,"showFlares":true,"showImageEffects":true,"showParticleSystems":true},"in2DMode":false,"pivot":{"x":0.009043822064995766,"y":0.10635121911764145,"z":-0.12785550951957704},"rotation":{"x":0.17782296240329743,"y":0.652070939540863,"z":-0.16123437881469727,"w":0.7191787362098694},"size":0.2660253643989563,"orthographic":false}