{"cameraMode":{"drawMode":0,"name":"Shaded","section":"Shading Mode"},"sceneLighting":true,"audioPlay":false,"sceneViewState":{"showFog":true,"showMaterialUpdate":true,"showSkybox":true,"showFlares":true,"showImageEffects":true,"showParticleSystems":true},"in2DMode":false,"pivot":{"x":-0.8246089220046997,"y":0.7724436521530151,"z":-1.238830804824829},"rotation":{"x":0.364474892616272,"y":-0.2796790599822998,"z":0.11574241518974304,"w":0.8806631565093994},"size":1.0714499950408936,"orthographic":false}