{"cameraMode":{"drawMode":0,"name":"Shaded","section":"Shading Mode"},"sceneLighting":true,"audioPlay":false,"sceneViewState":{"showFog":true,"showMaterialUpdate":true,"showSkybox":true,"showFlares":true,"showImageEffects":true,"showParticleSystems":true},"in2DMode":false,"pivot":{"x":33.58803176879883,"y":15.698567390441895,"z":-100.87672424316406},"rotation":{"x":0.20934556424617768,"y":0.0029446501284837724,"z":-0.0006289004231803119,"w":0.9778598546981812},"size":3.2218387126922609,"orthographic":false}