{"cameraMode":{"drawMode":0,"name":"Shaded","section":"Shading Mode"},"sceneLighting":false,"audioPlay":false,"sceneViewState":{"showFog":true,"showMaterialUpdate":true,"showSkybox":false,"showFlares":true,"showImageEffects":true,"showParticleSystems":true},"in2DMode":false,"pivot":{"x":-0.33399999141693118,"y":1.1640000343322755,"z":-0.23600000143051148},"rotation":{"x":0.2325512319803238,"y":0.2616473138332367,"z":-0.06510692089796066,"w":0.9344836473464966},"size":0.055968087166547778,"orthographic":false}