{"cameraMode":{"drawMode":0,"name":"Shaded","section":"Shading Mode"},"sceneLighting":true,"audioPlay":false,"sceneViewState":{"showFog":true,"showMaterialUpdate":true,"showSkybox":true,"showFlares":true,"showImageEffects":true,"showParticleSystems":true},"in2DMode":false,"pivot":{"x":365.476806640625,"y":53.810203552246097,"z":26.665382385253908},"rotation":{"x":0.18269743025302888,"y":0.34960073232650759,"z":-0.06970857083797455,"w":0.916278064250946},"size":24.58731460571289,"orthographic":false}