{"cameraMode":{"drawMode":0,"name":"Shaded","section":"Shading Mode"},"sceneLighting":true,"audioPlay":false,"sceneViewState":{"showFog":true,"showMaterialUpdate":true,"showSkybox":true,"showFlares":true,"showImageEffects":true,"showParticleSystems":true},"in2DMode":false,"pivot":{"x":19.859474182128908,"y":7.896793842315674,"z":-104.29502868652344},"rotation":{"x":0.20934556424617768,"y":0.0029446501284837724,"z":-0.0006289004231803119,"w":0.9778598546981812},"size":3.2218387126922609,"orthographic":false}