{"cameraMode":{"drawMode":0,"name":"Shaded","section":"Shading Mode"},"sceneLighting":true,"audioPlay":false,"sceneViewState":{"showFog":true,"showMaterialUpdate":true,"showSkybox":true,"showFlares":true,"showImageEffects":true,"showParticleSystems":true},"in2DMode":false,"pivot":{"x":0.25675010681152346,"y":-0.05431823804974556,"z":-0.3436340093612671},"rotation":{"x":0.5441536903381348,"y":0.006292260251939297,"z":-0.004081229213625193,"w":0.8389521241188049},"size":0.3334559202194214,"orthographic":true}