{"cameraMode":{"drawMode":0,"name":"Shaded","section":"Shading Mode"},"sceneLighting":true,"audioPlay":false,"sceneViewState":{"showFog":true,"showMaterialUpdate":true,"showSkybox":true,"showFlares":true,"showImageEffects":true,"showParticleSystems":true},"in2DMode":false,"pivot":{"x":-1.1525440216064454,"y":1.0445258617401124,"z":-0.5509068965911865},"rotation":{"x":0.1437770575284958,"y":-0.7773295044898987,"z":0.1922149956226349,"w":0.5815416574478149},"size":1.028550148010254,"orthographic":false}