{"cameraMode":{"drawMode":0,"name":"Shaded","section":"Shading Mode"},"sceneLighting":true,"audioPlay":false,"sceneViewState":{"showFog":true,"showMaterialUpdate":true,"showSkybox":true,"showFlares":true,"showImageEffects":true,"showParticleSystems":true},"in2DMode":false,"pivot":{"x":-0.6850427389144898,"y":0.4645339846611023,"z":0.37908193469047549},"rotation":{"x":0.21836797893047334,"y":0.05588648095726967,"z":-0.012509120628237725,"w":0.9742229580879211},"size":1.0089342594146729,"orthographic":false}