{"cameraMode":{"drawMode":0,"name":"Shaded","section":"Shading Mode"},"sceneLighting":false,"audioPlay":false,"sceneViewState":{"showFog":true,"showMaterialUpdate":true,"showSkybox":false,"showFlares":true,"showImageEffects":true,"showParticleSystems":true},"in2DMode":false,"pivot":{"x":0.02499997615814209,"y":1.0609030723571778,"z":1.304246187210083},"rotation":{"x":0.2609861195087433,"y":-0.22169598937034608,"z":0.06171472743153572,"w":0.9375348091125488},"size":1.483551025390625,"orthographic":false}