{"cameraMode":{"drawMode":0,"name":"Shaded","section":"Shading Mode"},"sceneLighting":true,"audioPlay":false,"sceneViewState":{"showFog":true,"showMaterialUpdate":true,"showSkybox":true,"showFlares":true,"showImageEffects":true,"showParticleSystems":true},"in2DMode":false,"pivot":{"x":11.472399711608887,"y":-4.359326362609863,"z":-1.926173210144043},"rotation":{"x":0.005293234717100859,"y":0.9724220633506775,"z":-0.23211117088794709,"w":0.02217591181397438},"size":18.369895935058595,"orthographic":false}