{"cameraMode":{"drawMode":0,"name":"Shaded","section":"Shading Mode"},"sceneLighting":false,"audioPlay":false,"sceneViewState":{"m_AlwaysRefresh":true,"showFog":true,"showSkybox":false,"showFlares":true,"showImageEffects":true,"showParticleSystems":true,"showVisualEffectGraphs":true,"m_FxEnabled":true},"in2DMode":false,"pivot":{"x":-0.08440351486206055,"y":1.7820825576782227,"z":-0.27677249908447268},"rotation":{"x":0.06062476336956024,"y":0.9227783679962158,"z":-0.16249048709869386,"w":0.34416094422340395},"size":3.34198260307312,"orthographic":false}