{"cameraMode":{"drawMode":0,"name":"Shaded","section":"Shading Mode"},"sceneLighting":true,"audioPlay":false,"sceneViewState":{"m_AlwaysRefresh":true,"showFog":true,"showSkybox":true,"showFlares":true,"showImageEffects":true,"showParticleSystems":true,"showVisualEffectGraphs":true,"m_FxEnabled":true},"in2DMode":false,"pivot":{"x":0.20312964916229249,"y":-0.3610799312591553,"z":3.3816604614257814},"rotation":{"x":-0.09757830202579498,"y":-0.04032436013221741,"z":0.003937310539186001,"w":-0.994450032711029},"size":3.1975646018981935,"orthographic":false}