{"cameraMode":{"drawMode":0,"name":"Shaded","section":"Shading Mode"},"sceneLighting":false,"audioPlay":false,"sceneViewState":{"m_AlwaysRefresh":true,"showFog":true,"showSkybox":false,"showFlares":true,"showImageEffects":true,"showParticleSystems":true,"showVisualEffectGraphs":true,"m_FxEnabled":true},"in2DMode":false,"pivot":{"x":11.566957473754883,"y":0.29212433099746706,"z":4.074923992156982},"rotation":{"x":0.036304790526628497,"y":0.962806224822998,"z":-0.16656559705734254,"w":0.20973090827465058},"size":1.3088324069976807,"orthographic":false}